iter	Logloss
0	0.6421057456
1	0.5981498221
2	0.5617805962
3	0.530537381
4	0.5038796549
5	0.4811852246
6	0.4610496723
7	0.4446035229
8	0.4292023503
9	0.4163641166
