{
    "params": {
        "depth": 10,
        "l2_leaf_reg": 1,
        "learning_rate": 0.1
    },
    "cv_results": {
        "iterations": [
            0,
            1,
            2,
            3,
            4,
            5,
            6,
            7,
            8,
            9
        ],
        "test-Logloss-mean": [
            0.5825471295714473,
            0.5150276818936836,
            0.46106507844457817,
            0.4227242100017727,
            0.39587842847102966,
            0.3768351287902226,
            0.3622282747132386,
            0.35230285697948216,
            0.3442180502587194,
            0.3365781175846156
        ],
        "test-Logloss-std": [
            0.003172529180624836,
            0.004107005769040771,
            0.0021882830560323585,
            0.0031184994998634612,
            0.0023610372327608486,
            0.0033744062878374955,
            0.0027264782095230834,
            0.0030941677904166996,
            0.004187449413957072,
            0.0034286020661178467
        ],
        "train-Logloss-mean": [
            0.5812475027294165,
            0.5134695066194329,
            0.45933537444409794,
            0.42009689995327704,
            0.39271762695904583,
            0.37314285594437874,
            0.35827846464419166,
            0.34813387365924076,
            0.3395248357216875,
            0.33124069832063485
        ],
        "train-Logloss-std": [
            0.002381345802212245,
            0.006251425637218902,
            0.004597019246245488,
            0.002715050128611246,
            0.0028532217018271727,
            0.003287901506547069,
            0.003581252788213967,
            0.002998741058112699,
            0.0021416940620743283,
            0.003685327676385622
        ]
    }
}